[1,["ebar4k5JZMu4a4LCHYGYLF@f9941","23fXBTZ2dOSpB5M6RU9ooj@f9941","23fXBTZ2dOSpB5M6RU9ooj@6c48a","67jYbH25BIGqyK57rcFvco@6c48a","c882YCutdPnZahNgcuT2ET@6c48a","10eHeEeqRA0adEp0tynJPB","882dpIjAdETpqDgnHNmmy+@f9941","edGO/rCptMqokiOIgTzqR1@f9941","67jYbH25BIGqyK57rcFvco@f9941","c882YCutdPnZahNgcuT2ET@f9941"],["node","_spriteFrame","_textureSource","root","holdEffectTransform","nodeHoldEffect","nodeLongPress","nodeBeginning","opacity","transform","background","data","_parent","_font"],[["cc.Node",["_name","_active","_components","_prefab","_parent","_children","_lpos"],1,9,4,1,2,5],["cc.Widget",["_alignFlags","_originalWidth","_alignMode","_originalHeight","_top","_left","_right","_bottom","node","__prefab"],-5,1,4],["cc.Sprite",["_sizeMode","_type","node","__prefab","_spriteFrame","_color"],1,1,4,6,5],"cc.SpriteFrame",["cc.Node",["_name","_components","_prefab","_children","_lpos","_parent"],2,12,4,2,5,1],["cc.UITransform",["node","__prefab","_contentSize","_anchorPoint"],3,1,4,5,5],["cc.ParticleSystem2D",["_name","_dstBlendFactor","emissionRate","life","lifeVar","angle","angleVar","startSize","startSizeVar","endSize","endSizeVar","emitterMode","speed","speedVar","tangentialAccel","tangentialAccelVar","radialAccel","radialAccelVar","_custom","_totalParticles","startSpin","endSpin","endSpinVar","startRadius","node","__prefab","posVar","gravity","_startColor","_spriteFrame","_startColorVar","_endColor"],-21,1,4,5,5,5,6,5,5],["cc.UIOpacity",["_opacity","node","__prefab"],2,1,4],["cc.Prefab",["_name"],2],["cc.Node",["_name","_parent","_children","_components","_prefab"],2,1,2,2,4],["cc.CompPrefabInfo",["fileId"],2],["0693cAdL+JB3Jn4GXrhDvzS",["node","__prefab","background","transform","opacity","nodeBeginning","nodeLongPress","nodeHoldEffect","holdEffectTransform"],3,1,4,1,1,1,1,1,1,1],["cc.PrefabInfo",["fileId","instance","targetOverrides","nestedPrefabInstanceRoots","root","asset"],-1,1,1],["cc.Label",["_string","_actualFontSize","_fontSize","_lineHeight","_isSystemFontUsed","node","__prefab","_font"],-2,1,4,6]],[[10,0,2],[12,0,1,2,3,4,5,5],[5,0,1,2,1],[5,0,1,2,3,1],[0,0,4,2,3,6,2],[2,0,2,3,5,4,2],[0,0,4,2,3,2],[1,0,5,6,4,7,1,3,2,8,9,9],[8,0,2],[4,0,3,1,2,4,2],[4,0,5,1,2,2],[0,0,5,2,3,2],[0,0,1,4,5,2,3,6,3],[0,0,1,4,2,3,6,3],[0,0,1,4,5,2,3,3],[9,0,1,2,3,4,2],[11,0,1,2,3,4,5,6,7,8,1],[1,0,2,8,9,3],[1,0,1,3,8,9,4],[1,0,4,1,3,2,8,9,6],[1,0,1,8,9,3],[6,0,1,2,3,4,5,6,7,8,9,10,20,21,22,11,12,13,14,15,16,17,18,19,24,25,26,27,28,30,29,24],[6,0,1,2,3,4,5,6,7,8,9,10,11,12,13,14,15,16,17,23,18,19,24,25,26,27,28,31,29,22],[2,1,0,2,3,4,3],[2,1,0,2,3,5,4,3],[2,1,0,2,3,5,3],[7,0,1,2,2],[7,1,2,1],[13,0,1,2,3,4,5,6,7,6]],[[[{"name":"circle_1","rect":{"x":0,"y":0,"width":52,"height":52},"offset":{"x":0,"y":0},"originalSize":{"width":52,"height":52},"rotated":false,"capInsets":[0,0,0,0],"vertices":{"rawPosition":[-26,-26,0,26,-26,0,-26,26,0,26,26,0],"indexes":[0,1,2,2,1,3],"uv":[0,52,52,52,0,0,52,0],"nuv":[0,0,1,0,0,1,1,1],"minPos":{"x":-26,"y":-26,"z":0},"maxPos":{"x":26,"y":26,"z":0}},"packable":true,"pixelsToUnit":100,"pivot":{"x":0.5,"y":0.5},"meshType":0}],[3],0,[0],[2],[2]],[[{"name":"110","rect":{"x":0,"y":0,"width":128,"height":128},"offset":{"x":0,"y":0},"originalSize":{"width":128,"height":128},"rotated":false,"capInsets":[0,0,0,0],"vertices":{"rawPosition":[-64,-64,0,64,-64,0,-64,64,0,64,64,0],"indexes":[0,1,2,2,1,3],"uv":[0,128,128,128,0,0,128,0],"nuv":[0,0,1,0,0,1,1,1],"minPos":{"x":-64,"y":-64,"z":0},"maxPos":{"x":64,"y":64,"z":0}},"packable":true,"pixelsToUnit":100,"pivot":{"x":0.5,"y":0.5},"meshType":0}],[3],0,[0],[2],[3]],[[{"name":"hold_gradient","rect":{"x":0,"y":0,"width":256,"height":293},"offset":{"x":0,"y":0},"originalSize":{"width":256,"height":293},"rotated":false,"capInsets":[128,127,128,0],"vertices":{"rawPosition":[-128,-146.5,0,128,-146.5,0,-128,146.5,0,128,146.5,0],"indexes":[0,1,2,2,1,3],"uv":[0,293,256,293,0,0,256,0],"nuv":[0,0,1,0,0,1,1,1],"minPos":{"x":-128,"y":-146.5,"z":0},"maxPos":{"x":128,"y":146.5,"z":0}},"packable":true,"pixelsToUnit":100,"pivot":{"x":0.5,"y":0.5},"meshType":0}],[3],0,[0],[2],[4]],[[[8,"Tile"],[9,"Tile",[-12],[[[3,-2,[0,"6cztNDfCpBJpTPQ5GyOo7i"],[5,0,0],[0,0.5,0]],[16,-10,[0,"ddb2QYT9tMe4Z4LF7i1NjO"],-9,-8,-7,-6,-5,-4,-3],-11],4,4,1],[1,"2cgyMyzxdFdbydBmiyxyx9",null,null,null,-1,0],[1,-134.624,-820.4849999999999,0]],[11,"Panel - LongPress",[-15,-16,-17,-18,-19],[[3,-13,[0,"1eZ8gB5hFCZoiuk8uW+HRN"],[5,270,450],[0,0.5,0]],[17,45,1,-14,[0,"c8xlZe5klGaofVwCg2GkyN"]]],[1,"0aUwNAqmBIzYiMRaS6jtM8",null,null,null,1,0]],[15,"Main",1,[-22,-23,2],[-20,-21],[1,"cduS0YMIlGzY1MWb8Y6gm1",null,null,null,1,0]],[12,"Particle2D - CircleFiller",false,2,[-26,-27],[[2,-24,[0,"48ERF8SbhFg5aFYrhqG7wv"],[5,0,0]],[21,"Node<ParticleSystem2D>",1,999.999985098839,0.8,0.2,0,0,0,50,130,20,-47.369998931884766,-47.369998931884766,-142.11000061035156,1,0,190.7899932861328,-92.11000061035156,65.79000091552734,-671.0499877929688,65.79000091552734,true,2,-25,[0,"deAhrDKNRMkJhu9O1m4Res"],[0,7,7],[0,0.25,0.8600000143051147],[4,2801795071],[4,1862270976],7]],[1,"c31yPhW2lBOaoOASQigPM4",null,null,null,1,0],[1,-0.972,316.215,0]],[13,"Sprite-Highlight",false,3,[[2,-28,[0,"9b0jZCEJ5N27hZ6p/aHDSj"],[5,269.248,474.687]],[23,1,0,-29,[0,"14lATzg1tI46P6sDptRgLr"],0],[18,45,128,128,-30,[0,"afQpEN35BBjZk96fMn3PVv"]],[26,0,-31,[0,"35YaA8r9BFWKU+xOcca0Cj"]]],[1,"190UCS/UVL256dk+67RaJ7",null,null,null,1,0],[1,0,237.3435,0]],[14,"Panel - Start",false,3,[-33],[[3,-32,[0,"2dJEO+IsJJpYKeak6QJwGX"],[5,0,0],[0,0.5,0]]],[1,"5d1Dhf8MRC2IfEWZZUCu0+",null,null,null,1,0]],[4,"Sprte - Gradient",2,[[2,-34,[0,"32oUBJOxNKa4/wZ4dZ9zo7"],[5,270,450]],[5,0,-35,[0,"e6dwwtHbJGqptwHJU0EgHG"],[4,2582729751],2],[19,45,-1.4210854715202004e-14,128,122,1,-36,[0,"19nGIVMChGoaboLorxIana"]]],[1,"c59O/voh5Cu7GUnzbdV1oj",null,null,null,1,0],[1,0,225,0]],[4,"Sprite - Circle",2,[[2,-37,[0,"e1O/JI0MVOMqSptPsXTRJn"],[5,65.68288524590164,62.604]],[5,0,-38,[0,"8bhmUB4PdMpLJD2ki8R8Aw"],[4,1946157036],3],[7,20,71,71,164,64.8255,128,122,1,-39,[0,"0ecvxLjFZF/a/rKNuuO2MH"]]],[1,"13z9Vwxq1HTaaP1i25rtuI",null,null,null,1,0],[1,0,96.1275,0]],[4,"Sprite - Line",2,[[2,-40,[0,"6d82vNFFRFcI/bfZMoXazz"],[5,3,214.55999999999995]],[5,0,-41,[0,"40brfj4Q5IoKMc+AnB7AYv"],[4,1946157036],4],[7,21,71,71,99.58700000000005,135.853,128,62.604,1,-42,[0,"c6fNWqsk9Np6tFac2GQFs7"]]],[1,"47XNZBDT1AYrvELwmR/Mke",null,null,null,1,0],[1,0,243.13299999999998,0]],[10,"Sprite - Filler",2,[[-43,[24,1,0,-44,[0,"6cPsdh0EVOSKZz0bV3SG6J"],[4,4294502916],8],[20,40,256,-45,[0,"73vOKUb9FBiJTnkBvxsnnd"]]],1,4,4],[1,"14Op+PdSRDYbc7vQU9pkei",null,null,null,1,0]],[4,"Label - StatNow",6,[[2,-46,[0,"70PBU22wlOaptg9YRyz5tI"],[5,198.18,67.8]],[28,"START",67.8,67.8,67.8,false,-47,[0,"75+5P+CwtJCa+xKcS3fEKe"],1]],[1,"7bQ1P6XklAj7XTUF8v+JRx",null,null,null,1,0],[1,0,252.879,0]],[6,"Particle2D - Attractor",4,[[2,-48,[0,"e5ptyqn99K1ZKWdEMinu+K"],[5,0,0]],[22,"Node<ParticleSystem2D>",1,999.999985098839,0.4,0.1,360,360,2,5,10,5,1,0,190.7899932861328,-92.11000061035156,65.79000091552734,-671.0499877929688,65.79000091552734,100,true,3,-49,[0,"32wOpV3mVI8I0f4RkyRvtD"],[0,4,4],[0,0.25,0.8600000143051147],[4,1258291199],[4,2583691263],5]],[1,"002Q8giLVN3LKTRduR9MI3",null,null,null,1,0]],[6,"Sprite - Circle",4,[[2,-50,[0,"5f5QmADkxK6IaXU+3QctRY"],[5,30,30]],[5,0,-51,[0,"67/3zArkVH4LgmukE3yFSW"],[4,2902458367],6]],[1,"29EPSmBYtEKoID/PzfxcMh",null,null,null,1,0]],[3,10,[0,"1575/liG5AmZ2H7vJF+LaK"],[5,270,0],[0,0.5,0]],[3,3,[0,"78sCWi+glHtqRxwFf4EScl"],[5,270,450],[0,0.5,0]],[25,1,0,3,[0,"71eoEoyiFHzZwAlbTV6axF"],[4,4278388224]],[27,1,[0,"97tA2FTdpBjYbg+bT/P4+3"]]],0,[0,3,1,0,0,1,0,4,14,0,5,4,0,6,2,0,7,6,0,8,17,0,9,15,0,10,16,0,0,1,0,-3,17,0,-1,3,0,0,2,0,0,2,0,-1,7,0,-2,8,0,-3,9,0,-4,4,0,-5,10,0,-1,15,0,-2,16,0,-1,5,0,-2,6,0,0,4,0,0,4,0,-1,12,0,-2,13,0,0,5,0,0,5,0,0,5,0,0,5,0,0,6,0,-1,11,0,0,7,0,0,7,0,0,7,0,0,8,0,0,8,0,0,8,0,0,9,0,0,9,0,0,9,0,-1,14,0,0,10,0,0,10,0,0,11,0,0,11,0,0,12,0,0,12,0,0,13,0,0,13,0,11,1,2,12,3,51],[0,0,0,0,0,0,0,0,0,16],[1,13,1,1,1,1,1,1,1,1],[0,5,6,7,0,1,1,8,9,0]]]]
