{"importBase":"import","nativeBase":"native","name":"resources","deps":["internal"],"uuids":["23Ge/clC5MVbOmC903SqDD","4aSjdhkxRIapbJ1P8mNlpi","7f7KzyJ/lFRaxTfrzCZzhA","80rhOcDflDwoKaqFTKtUnv","b8ofzL4NVMUK7Q1H6J0KCx","e6kIVuNW9OGr0QEgyEzzxd","00cf0Ywm9NkKHhcW4aNZfP","19dhMAoRhKKrQqqBZDXFHO","19xCywsV5PtI2hrndy7Pcy","1db39dfff","24qvd3oylFd45I9o9nclSU","24xBnqY6hOoanQf8RpSJu8","2br1zGqYVAnplnhCc5mpuu","2esMz5M85MdLgHMDshr1z5@e4eac","39aetoi1tO4YPh0K6XDWXb","3dMOwMp/NC9Yia5aX0IP19","4dA8MCa1hBcIkVOxMF4SU3","53lob6bARJGKwhh8niTugc","57z6zzBSJCSoyC0aVvC/Jb","6a6lwbeURNwIpuGKt2V3Cv","6e7ckOf2hNDpC9aVT+Ygyb","84lDIiTxBEHqTk4+PdcYVE","94qbupPCBCxIsnA80qMi6C","9dmTTDrUpFcKx3H1ODRe07","9fnJEMGFFP1ZxyVULAKHmM","b8rePw/e9PYohBiFnXJh5D","c7/uTNo15BCbh9vIuSCTSe","cdd7H1yr5NsZVwsdADyjxg","dcxsCjiQREJYm90Hl7jnBm","ddULMm3CRL+LgaxsKAJlkt","e1e0UmV6JI06zJzwnzCqE4","e5tuq9zb1HVqbQC8trfUOF","f7jmZECrtAU7KB8PkTvrcr","f9QVoyDvJEVpZMeMWa3qYo","01547922c","03e56b9ff","0478c33e0","0931afb81","09ff7aaa0","0bdc65f14","0db39dfff","0e7b99e7c","10eHeEeqRA0adEp0tynJPB","12YbB32r1LOKnom2bX/uZt","19dhMAoRhKKrQqqBZDXFHO@6c48a","19xCywsV5PtI2hrndy7Pcy@6c48a","1db39dfff@6c48a","24qvd3oylFd45I9o9nclSU@6c48a","24xBnqY6hOoanQf8RpSJu8@6c48a","24xBnqY6hOoanQf8RpSJu8@f9941","287KQmFixEaJl3yPzPHE82","32iYFtPPBMyYcotxWXJw6m","57z6zzBSJCSoyC0aVvC/Jb@6c48a","609xlc7CpF67qUiVX2DoHQ","73u6JZQ5FGQ4xRup5IxRe8","94qbupPCBCxIsnA80qMi6C@6c48a","95Ww3nFeVN0roXG0Jzmre/","9fnJEMGFFP1ZxyVULAKHmM@6c48a","9fnJEMGFFP1ZxyVULAKHmM@f9941","a1xwA2U0BI6anD2ksu53cx","a3TjgdlQlAq7Hqco5QKg9g","a8a1XxrW5FMJ36v1u3oyyV","caYImP3IpHbrX0EW8/fWXA@f9941","d1NGQ2rJZCcbhjH0/erZWw","dcBFoC4UhAOLDJ/rdtCKzh@f9941","dcxsCjiQREJYm90Hl7jnBm@6c48a","e3DIYA7W9N1plIGfWmnlC5","e5tuq9zb1HVqbQC8trfUOF@6c48a","f9QVoyDvJEVpZMeMWa3qYo@6c48a"],"paths":{"0":["magic_tiles/midis/Perfect_EdSheeran_demo_long",0,1],"1":["magic_tiles/audios/DauCoLoiLam",1,1],"2":["magic_tiles/midis/DauCoLoiLam",0,1],"3":["magic_tiles/audios/Perfect_EdSheeran_demo",1,1],"4":["magic_tiles/midis/Perfect_EdSheeran_demo",0,1],"5":["Perfect_EdSheeran_demo",0,1],"6":["prefab/effect/levelup_small",3,1],"12":["prefab/effect/text",3,1],"14":["prefab/ui/PopupLoading",3,1],"15":["prefab/effect/moving",3,1],"16":["prefab/effect/effect_trail_moving",3,1],"17":["prefab/ui/PopupMessage",3,1],"19":["prefab/effect/confetti",3,1],"20":["prefab/effect/text_cash",3,1],"21":["magic_tiles/beatmaps/DauCoLoiLam",2,1],"23":["magic_tiles/beatmaps/Perfect_EdSheeran_demo",2,1],"26":["prefab/effect/dollar_rain",3,1],"27":["prefab/effect/contructor_upgrade",3,1],"29":["prefab/effect/multiflying",3,1],"32":["prefab/effect/levelup_big",3,1]},"scenes":{},"packs":{"01547922c":[6,43,50,13,51,54,60,61],"03e56b9ff":[49,58,27,30],"0478c33e0":[19,59],"0931afb81":[29,66],"09ff7aaa0":[12,25],"0bdc65f14":[46,57,45,47,48,52,55,44,65,67,68],"0db39dfff":[62,64],"0e7b99e7c":[15,56]},"versions":{"import":[34,"ffe1a",35,"fd590",36,"b6b2f",37,"13a03",38,"71214",39,"4865c",40,"2b55e",41,"cf9ae",42,"aaaad",7,"a2533",8,"a2533",9,"b12df",0,"c5ac5",10,"a2533",11,"a2533",14,"d5473",1,"2c6a3",16,"d7117",17,"6c9fb",18,"a2533",20,"9cc03",2,"e63d7",3,"8a61e",21,"20894",22,"a2533",23,"bfd2e",24,"a2533",4,"9c234",26,"03920",28,"a2533",31,"a2533",5,"9c234",32,"cbdf6",33,"a2533"],"native":[7,"0700a",8,"04505",9,"f4429",0,"58115",10,"8992b",11,"841f5",13,"99e70",1,"5f632",18,"8a35c",2,"989af",3,"f27f8",22,"9c1ce",24,"ca93c",4,"ffdb9",25,"e6ea4",28,"1999e",30,"07abd",31,"dce5e",5,"ffdb9",33,"11f5a"]},"redirect":[53,"0",63,"0"],"debug":false,"extensionMap":{},"hasPreloadScript":true,"dependencyRelationships":{},"types":["cc.Asset","cc.AudioClip","cc.JsonAsset","cc.Prefab"]}