[1,["ebar4k5JZMu4a4LCHYGYLF@f9941","10eHeEeqRA0adEp0tynJPB","64NusPyCJA9KThV89Kjw/o@f9941","ads6r5A8VIQoCU/tQ/DZah","1bH8Sxf9BKGLaGz+9GurOg@6c48a","29RDG4VZ5OmpBXTwsMYI0B@6c48a","35sok3lGpDuJcLS2EMTU0v@6c48a","3aORy6W7FGv7RbLmqqNriW@6c48a","61QoXCqoJGJJPJyLMhm40Q@6c48a","64NusPyCJA9KThV89Kjw/o@6c48a","b0JbrXS7hL6qKUmyYkoZCw@6c48a","ccgvQFertMwawRMS3ZHFpq@6c48a","dbW2AcmSlG25/fXR/9iDlX@6c48a","f6ZK9gRVpEHJvQy75b8MsZ@6c48a","3aORy6W7FGv7RbLmqqNriW@f9941","1bH8Sxf9BKGLaGz+9GurOg@f9941","ccgvQFertMwawRMS3ZHFpq@f9941","35sok3lGpDuJcLS2EMTU0v@f9941","dbW2AcmSlG25/fXR/9iDlX@f9941","7bwTmGM89P1bTWtB3TdEOH","b0iedXR6pBnIJK4IO/Z7j7","09+yFJxv5GmbAEBw8GVcJ7","44HVYI5IVNxZFQqlJjwdJ8","29RDG4VZ5OmpBXTwsMYI0B@f9941","f6ZK9gRVpEHJvQy75b8MsZ@f9941","9fnJEMGFFP1ZxyVULAKHmM@f9941","d0MsQlMCJBS5IpOcKDAOGg","b8rePw/e9PYohBiFnXJh5D","e1e0UmV6JI06zJzwnzCqE4","61QoXCqoJGJJPJyLMhm40Q@f9941","b0JbrXS7hL6qKUmyYkoZCw@f9941"],["node","_spriteFrame","_textureSource","_parent","_font","comboLabel","songTimeLabel","scoreLabel","toggleAutoPlay","scoreManager","tapValidator","feedbackManager","inputManager","tileManager","_cameraComponent","scene","tilePrefab","_file","_defaultClip"],[["cc.Widget",["_alignFlags","_top","_originalWidth","_originalHeight","_right","_left","_bottom","_isAbsLeft","_isAbsRight","_horizontalCenter","_verticalCenter","node"],-8,1],"cc.SpriteFrame",["cc.Node",["_name","_layer","_id","_components","_children","_parent","_lpos"],0,9,2,1,5],["cc.Sprite",["_sizeMode","node","_spriteFrame","_color"],2,1,6,5],["cc.Node",["_name","_active","_layer","_parent","_components","_lpos","_children"],0,1,12,5,2],["cc.UITransform",["node","_contentSize","_anchorPoint"],3,1,5,5],["cc.Label",["_string","_actualFontSize","_fontSize","_lineHeight","_isSystemFontUsed","_isBold","_enableShadow","_shadowBlur","_horizontalAlign","_cacheMode","node","_shadowColor","_shadowOffset","_font"],-7,1,5,5,6],["cc.Node",["_name","_parent","_components","_lpos"],2,1,2,5],["cc.SceneAsset",["_name"],2],["cc.Layout",["_layoutType","_isAlign","node"],1,1],["974fdPppslMoKLXs565FEx6",["node","scoreLabel","songTimeLabel","comboLabel"],3,1,1,1,1],["54bffb59LVEi6v9WbidyqIN",["node","tileManager","inputManager","feedbackManager","tapValidator","scoreManager","toggleAutoPlay"],3,1,1,1,1,1,1,1],["cc.Canvas",["node","_cameraComponent"],3,1,1],["cc.UIOpacity",["_opacity","node"],2,1],["cc.Scene",["_name","_children","_prefab","_globals"],2,2,4,4],["cc.PrefabInfo",["root","asset","fileId","instance","targetOverrides","nestedPrefabInstanceRoots"],-3],["cc.SceneGlobals",["ambient","shadows","_skybox","fog","octree","skin","lightProbeInfo","postSettings"],3,4,4,4,4,4,4,4,4],["cc.AmbientInfo",["_skyIllumLDR","_skyColorHDR","_skyColorLDR","_groundAlbedoLDR"],2,5,5,5],["cc.ShadowsInfo",["_shadowColor"],3,5],["cc.SkyboxInfo",[],3],["cc.FogInfo",[],3],["cc.OctreeInfo",[],3],["cc.SkinInfo",[],3],["cc.LightProbeInfo",[],3],["cc.PostSettingsInfo",[],3],["cc.LabelShadow",["node"],3,1],["cc.Camera",["_projection","_priority","_orthoHeight","_far","_visibility","_color"],-2,5],["7032aoU25dAwZKrnbS2Peig",[],3],["bf871T6LV9LXZ2T/yZkKnKK",["missThreshold","laneContainers"],2,2],["cc.ParticleSystem2D",["_name","_dstBlendFactor","duration","emissionRate","lifeVar","angle","angleVar","startSize","startSizeVar","endSize","startSpinVar","speed","speedVar","tangentialAccel","rotationIsDir","startRadius","playOnLoad","_custom","_totalParticles","node","_startColor"],-16,1,5],["cc.Animation",["playOnLoad","node","_clips"],2,1,3],["cc.Toggle",["_isChecked","node","_normalColor","_target","_checkMark"],2,1,5,1,1],["19aa5JfAPNMBLEL5AtzqFm7",["node","tapFeedbackNodes","hitLineNode","laneContainer","tileManager","tapValidator","camera"],3,1,2,1,1,1,1,1],["38482d0oyNDQos3rad3oDFt",["greatSoundEffect","coolSoundEffect","comboMilestones","node","animScoreFeedBacks","feedbackNodes","particleSystemPerfectFragments","comboLabel","feedbackContainer","gameCamera","cameraShakeNode"],0,1,1,2,1,1,1,1,1],["9daf9azaSJIKJ3U9ri2+dcr",["node","tapValidator","scoreLabel"],3,1,1,1],["04c89d3uFxCxYqeuP2zDazt",["node"],3,1],["cc.AudioSource",["node"],3,1]],[[5,0,1,1],[2,0,1,5,3,3],[3,0,1,3,2,2],[0,0,5,4,2,3,11,6],[3,0,1,2,2],[2,0,5,3,6,2],[2,0,1,5,4,3,6,3],[7,0,1,2,2],[0,0,2,3,11,4],[4,0,3,4,5,2],[13,0,1,2],[25,0,1],[5,0,1,2,1],[2,0,1,4,3,3],[2,0,5,3,2],[2,0,2,5,3,3],[4,0,3,6,4,5,2],[0,0,5,4,1,6,7,8,2,3,11,10],[0,0,5,4,1,11,5],[3,1,2,1],[6,0,8,1,2,3,4,5,6,7,10,11,12,10],[36,0,1],[8,0,2],[2,0,4,3,2],[2,0,2,4,3,3],[2,0,2,4,3,6,3],[2,0,5,4,3,2],[4,0,1,2,3,4,5,4],[7,0,1,2,3,2],[5,0,1],[0,0,1,11,3],[0,0,4,1,9,11,5],[0,0,11,2],[0,0,4,1,6,7,8,2,3,11,9],[0,0,5,1,6,7,8,2,3,11,9],[0,0,1,9,11,4],[0,0,5,1,11,4],[0,0,10,2,11,4],[0,0,5,4,1,6,2,3,11,8],[9,0,1,2,3],[10,0,1,2,3,1],[11,0,1,2,3,4,5,6,1],[3,0,1,2],[12,0,1,1],[14,0,1,2,3,2],[15,0,1,2,3,4,5,7],[16,0,1,2,3,4,5,6,7,1],[17,0,1,2,3,2],[18,0,1],[19,1],[20,1],[21,1],[22,1],[23,1],[24,1],[6,0,8,1,2,3,4,5,6,7,10,11,12,13,10],[6,0,1,2,3,4,5,9,6,7,10,11,12,10],[26,0,1,2,3,4,5,6],[27,1],[28,0,1,2],[29,0,1,2,3,4,5,6,7,8,9,10,11,12,13,14,15,16,17,18,19,20,20],[30,0,1,2,2],[31,0,1,2,3,4,2],[32,0,1,2,3,4,5,6,1],[33,0,1,2,3,4,5,6,7,8,9,10,4],[34,0,1,2,1],[35,0,1]],[[[{"name":"effect_wowtext_pieces1","rect":{"x":30,"y":169,"width":474,"height":174},"offset":{"x":11,"y":0},"originalSize":{"width":512,"height":512},"rotated":false,"capInsets":[0,0,0,0],"vertices":{"rawPosition":[-237,-87,0,237,-87,0,-237,87,0,237,87,0],"indexes":[0,1,2,2,1,3],"uv":[30,343,504,343,30,169,504,169],"nuv":[0.05859375,0.330078125,0.984375,0.330078125,0.05859375,0.669921875,0.984375,0.669921875],"minPos":{"x":-237,"y":-87,"z":0},"maxPos":{"x":237,"y":87,"z":0}},"packable":true,"pixelsToUnit":100,"pivot":{"x":0.5,"y":0.5},"meshType":0}],[1],0,[0],[2],[4]],[[{"name":"4","rect":{"x":0,"y":0,"width":128,"height":128},"offset":{"x":0,"y":0},"originalSize":{"width":128,"height":128},"rotated":false,"capInsets":[0,0,0,0],"vertices":{"rawPosition":[-64,-64,0,64,-64,0,-64,64,0,64,64,0],"indexes":[0,1,2,2,1,3],"uv":[0,128,128,128,0,0,128,0],"nuv":[0,0,1,0,0,1,1,1],"minPos":{"x":-64,"y":-64,"z":0},"maxPos":{"x":64,"y":64,"z":0}},"packable":true,"pixelsToUnit":100,"pivot":{"x":0.5,"y":0.5},"meshType":0}],[1],0,[0],[2],[5]],[[{"name":"effect_wowtext_great","rect":{"x":0,"y":110,"width":512,"height":292},"offset":{"x":0,"y":0},"originalSize":{"width":512,"height":512},"rotated":false,"capInsets":[0,0,0,0],"vertices":{"rawPosition":[-256,-146,0,256,-146,0,-256,146,0,256,146,0],"indexes":[0,1,2,2,1,3],"uv":[0,402,512,402,0,110,512,110],"nuv":[0,0.21484375,1,0.21484375,0,0.78515625,1,0.78515625],"minPos":{"x":-256,"y":-146,"z":0},"maxPos":{"x":256,"y":146,"z":0}},"packable":true,"pixelsToUnit":100,"pivot":{"x":0.5,"y":0.5},"meshType":0}],[1],0,[0],[2],[6]],[[{"name":"effect_wow_back03","rect":{"x":0,"y":0,"width":300,"height":42},"offset":{"x":0,"y":0},"originalSize":{"width":300,"height":42},"rotated":false,"capInsets":[0,0,0,0],"vertices":{"rawPosition":[-150,-21,0,150,-21,0,-150,21,0,150,21,0],"indexes":[0,1,2,2,1,3],"uv":[0,42,300,42,0,0,300,0],"nuv":[0,0,1,0,0,1,1,1],"minPos":{"x":-150,"y":-21,"z":0},"maxPos":{"x":150,"y":21,"z":0}},"packable":true,"pixelsToUnit":100,"pivot":{"x":0.5,"y":0.5},"meshType":0}],[1],0,[0],[2],[7]],[[{"name":"effect_wowtext_pieces2","rect":{"x":1,"y":25,"width":126,"height":78},"offset":{"x":0,"y":0},"originalSize":{"width":128,"height":128},"rotated":false,"capInsets":[0,0,0,0],"vertices":{"rawPosition":[-63,-39,0,63,-39,0,-63,39,0,63,39,0],"indexes":[0,1,2,2,1,3],"uv":[1,103,127,103,1,25,127,25],"nuv":[0.0078125,0.1953125,0.9921875,0.1953125,0.0078125,0.8046875,0.9921875,0.8046875],"minPos":{"x":-63,"y":-39,"z":0},"maxPos":{"x":63,"y":39,"z":0}},"packable":true,"pixelsToUnit":100,"pivot":{"x":0.5,"y":0.5},"meshType":0}],[1],0,[0],[2],[8]],[[{"name":"effect_wowtext_perfect","rect":{"x":0,"y":141,"width":512,"height":230},"offset":{"x":0,"y":0},"originalSize":{"width":512,"height":512},"rotated":false,"capInsets":[0,0,0,0],"vertices":{"rawPosition":[-256,-115,0,256,-115,0,-256,115,0,256,115,0],"indexes":[0,1,2,2,1,3],"uv":[0,371,512,371,0,141,512,141],"nuv":[0,0.275390625,1,0.275390625,0,0.724609375,1,0.724609375],"minPos":{"x":-256,"y":-115,"z":0},"maxPos":{"x":256,"y":115,"z":0}},"packable":true,"pixelsToUnit":100,"pivot":{"x":0.5,"y":0.5},"meshType":0}],[1],0,[0],[2],[9]],[[{"name":"check_0","rect":{"x":31,"y":57,"width":194,"height":150},"offset":{"x":0,"y":-4},"originalSize":{"width":256,"height":256},"rotated":false,"capInsets":[0,0,0,0],"vertices":{"rawPosition":[-97,-75,0,97,-75,0,-97,75,0,97,75,0],"indexes":[0,1,2,2,1,3],"uv":[31,199,225,199,31,49,225,49],"nuv":[0.12109375,0.19140625,0.87890625,0.19140625,0.12109375,0.77734375,0.87890625,0.77734375],"minPos":{"x":-97,"y":-75,"z":0},"maxPos":{"x":97,"y":75,"z":0}},"packable":true,"pixelsToUnit":100,"pivot":{"x":0.5,"y":0.5},"meshType":0}],[1],0,[0],[2],[10]],[[{"name":"effect_wowtext_cool","rect":{"x":0,"y":99,"width":512,"height":313},"offset":{"x":0,"y":0.5},"originalSize":{"width":512,"height":512},"rotated":false,"capInsets":[0,0,0,0],"vertices":{"rawPosition":[-256,-156.5,0,256,-156.5,0,-256,156.5,0,256,156.5,0],"indexes":[0,1,2,2,1,3],"uv":[0,413,512,413,0,100,512,100],"nuv":[0,0.1953125,1,0.1953125,0,0.806640625,1,0.806640625],"minPos":{"x":-256,"y":-156.5,"z":0},"maxPos":{"x":256,"y":156.5,"z":0}},"packable":true,"pixelsToUnit":100,"pivot":{"x":0.5,"y":0.5},"meshType":0}],[1],0,[0],[2],[11]],[[{"name":"TextMiss","rect":{"x":0,"y":0,"width":366,"height":250},"offset":{"x":0,"y":0},"originalSize":{"width":366,"height":250},"rotated":false,"capInsets":[0,0,0,0],"vertices":{"rawPosition":[-183,-125,0,183,-125,0,-183,125,0,183,125,0],"indexes":[0,1,2,2,1,3],"uv":[0,250,366,250,0,0,366,0],"nuv":[0,0,1,0,0,1,1,1],"minPos":{"x":-183,"y":-125,"z":0},"maxPos":{"x":183,"y":125,"z":0}},"packable":true,"pixelsToUnit":100,"pivot":{"x":0.5,"y":0.5},"meshType":0}],[1],0,[0],[2],[12]],[[{"name":"bg_5","rect":{"x":0,"y":0,"width":512,"height":1024},"offset":{"x":0,"y":0},"originalSize":{"width":512,"height":1024},"rotated":false,"capInsets":[0,0,0,0],"vertices":{"rawPosition":[-256,-512,0,256,-512,0,-256,512,0,256,512,0],"indexes":[0,1,2,2,1,3],"uv":[0,1024,512,1024,0,0,512,0],"nuv":[0,0,1,0,0,1,1,1],"minPos":{"x":-256,"y":-512,"z":0},"maxPos":{"x":256,"y":512,"z":0}},"packable":true,"pixelsToUnit":100,"pivot":{"x":0.5,"y":0.5},"meshType":0}],[1],0,[0],[2],[13]],[[[22,"GameMagicTile"],[13,"Container - Lanes",33554432,[-4,-5,-6,-7],[[0,-1,[5,1080,1920]],[8,45,100,100,-2],[39,1,true,-3]]],[23,"UI - Root",[-14,-15,-16,-17,-18],[[0,-8,[5,1080,1920]],[8,45,100,100,-9],[40,-13,-12,-11,-10]]],[16,"Anim - TextFeedback",2,[-22,-23,-24,-25,-26],[[[0,-19,[5,0,0]],[30,17,253.06799999999998,-20],-21],4,4,1],[1,0,706.932,0]],[24,"Manager","69iiFzDrRHBYXFB6gTi5uG",[-34,-35,-36,-37,-38,-39],[[41,-33,-32,-31,-30,-29,-28,-27]]],[16,"Toggle - AutoPlay",2,[-44,-45],[[[0,-40,[5,58.32599999999999,58.326]],[4,0,-41,13],-42,[31,33,154.21799999999996,98.18899999999996,356.619,-43]],4,4,1,4],[1,356.619,832.648,0]],[13,"Root - Game",33554432,[-48,-49,1,-50],[[0,-46,[5,1080,1920]],[8,45,100,100,-47]]],[25,"Canvas","9298MdA5lBdrmYDISNcera",[-55,6,2],[[0,-51,[5,1080,1920]],[43,-53,-52],[32,45,-54]],[1,540,960,2.4810656750023554]],[26,"Sprite - Perfect",3,[-58,-59,-60],[[0,-56,[5,512,230]],[19,-57,3]]],[6,"Lane - 0",33554432,1,[-63,-64],[[0,-61,[5,270,1919.8753124999998]],[33,45,0.75,0.06234374999996817,0.062343750000081855,false,false,270,100,-62]],[1,-405,0,0]],[6,"Lane - 1",33554432,1,[-67,-68],[[0,-65,[5,270,1919.8753124999998]],[17,45,0.25,0.5,0.06234374999996817,0.062343750000081855,false,false,270,100,-66]],[1,-135,0,0]],[1,"Sprite - FB",33554432,10,[[0,-69,[5,268,1919.8753124999998]],[2,0,-70,[4,484900654],17],[3,45,1,1,40,36,-71],[10,0,-72]]],[6,"Lane - 2",33554432,1,[-75,-76],[[0,-73,[5,270,1919.8753124999998]],[17,45,0.5,0.25,0.06234374999996817,0.062343750000081855,false,false,270,100,-74]],[1,135,0,0]],[1,"Sprite - FB",33554432,12,[[0,-77,[5,268,1919.8753124999998]],[2,0,-78,[4,484900654],19],[3,45,1,1,40,36,-79],[10,0,-80]]],[6,"Lane - 3",33554432,1,[-83,-84],[[0,-81,[5,270,1919.8753124999998]],[34,45,0.75,0.06234374999996817,0.062343750000081855,false,false,270,100,-82]],[1,405,0,0]],[1,"Sprite - FB",33554432,14,[[0,-85,[5,268,1919.8753124999998]],[2,0,-86,[4,484900654],21],[3,45,1,1,40,36,-87],[10,0,-88]]],[1,"Sprite - FB",33554432,9,[[0,-89,[5,268,1919.8753124999998]],[2,0,-90,[4,484900654],23],[3,45,1,1,40,36,-91],[10,0,-92]]],[44,"GameMagicTile",[4,7,-93,-94],[45,null,null,"6fdb4ea8-41e0-4281-a681-fb9be6d392d5",null,null,null],[46,[47,0.8,[2,0.2,0.5,0.8,0.520833125],[2,0.452588,0.607642,0.755699,0],[2,0.618555,0.577848,0.544564,0]],[48,[4,4283190348]],[49],[50],[51],[52],[53],[54]]],[9,"Label - Combo",2,[[[0,-95,[5,116.70796203613281,90.216]],-96,[11,-97],[35,17,296.3509999999999,174.23,-98]],4,1,4,4],[1,174.23,618.5410000000002,0]],[9,"Label - Score",2,[[[12,-99,[5,113.27,62],[0,0,0.5]],-100,[11,-101],[36,9,36.644000000000005,0.34500000000014097,-102]],4,1,4,4],[1,-503.356,928.6549999999999,0]],[9,"Label - Time",2,[[[12,-103,[5,113.27,62],[0,1,0.5]],-104,[11,-105],[18,33,36.644000000000005,28.30200000000002,0.3450000000000273,-106]],4,1,4,4],[1,511.698,928.655,0]],[5,"Label - Text",5,[[12,-107,[5,118.68,62],[0,1,0.5]],[55,"AUTO",0,46.4,46.4,62,false,true,true,4.9,-108,[4,1241513984],[0,-5.8,-1.5],12],[11,-109],[18,33,36.644000000000005,-125.27400000000003,-17.067,-110]],[1,154.437,15.230000000000004,0]],[6,"Node - HitLine",33554432,6,[-113],[[0,-111,[5,1080,11.148]],[37,42,-400,1080,-112]],[1,0,-400,0]],[57,0,1073741824,960,2000,1115684864,[4,4294958901]],[5,"Sprite -Cool",3,[[0,-114,[5,371.8003322683706,227.292]],[4,0,-115,4]],[1,0,-3.896,0]],[5,"Sprite - Great",3,[[0,-116,[5,406.2334246575343,231.68]],[4,0,-117,5]],[1,0,-2.827,0]],[5,"Sprite - Miss",3,[[0,-118,[5,348.451032,238.013]],[4,0,-119,6]],[1,0,-2.801,0]],[1,"Sprite - BG",33554432,6,[[0,-120,[5,1080,1920]],[4,0,-121,14],[8,45,40,36,-122]]],[1,"Sprite - Line",33554432,22,[[0,-123,[5,1178.1,28.148]],[2,0,-124,[4,1342177279],15],[38,45,-49.049999999999955,-49.049999999999955,-8.5,-8.5,249,20,-125]]],[1,"Conatiner - Effects",33554432,6,[[0,-126,[5,1080,1920]],[8,45,99.7,100,-127]]],[1,"Sprite - BG",33554432,10,[[0,-128,[5,268,1919.8753124999998]],[2,0,-129,[4,16777215],16],[3,45,1,1,40,36,-130]]],[1,"Sprite - BG",33554432,12,[[0,-131,[5,268,1919.8753124999998]],[2,0,-132,[4,16777215],18],[3,45,1,1,40,36,-133]]],[1,"Sprite - BG",33554432,14,[[0,-134,[5,268,1919.8753124999998]],[2,0,-135,[4,16777215],20],[3,45,1,1,40,36,-136]]],[1,"Sprite - BG",33554432,9,[[0,-137,[5,268,1919.8753124999998]],[2,0,-138,[4,16777215],22],[3,45,1,1,40,36,-139]]],[58],[59,-900,[9,10,12,14]],[28,"Camera",7,[23],[1,0,0,997.5189343249976]],[56,"x20",71.6,71.6,71.6,false,true,1,true,4.9,18,[4,1241513984],[0,-5.8,-1.5]],[5,"Sprite - BG",3,[[0,-140,[5,835.257142857143,116.936]],[4,0,-141,0]],[1,0,-2.503,0]],[9,"Particle2D - Triangle",8,[[[29,-142],-143],4,1],[1,65.851,0.248,0]],[5,"Sprite - Effect",8,[[0,-144,[5,373.9941724137931,137.289]],[4,0,-145,1]],[1,-2.22,-4.788,0]],[14,"Sprite - Perfect",8,[[0,-146,[5,512,230]],[19,-147,2]]],[20,"000",0,62,62,62,false,true,true,4.9,19,[4,1241513984],[0,-5.8,-1.5]],[27,"Checkmark",false,33554432,5,[[[0,-148,[5,58.540000000000006,47.02568507812501]],-149],4,1],[1,5.928,4.578,0]],[7,"Tile",4,[35]],[60,"Node<ParticleSystem2D>",1,0.5,360,0.15,360,360,100,50,30.31999969482422,50,80,30,0,true,100,false,true,3,39,[4,2751463423]],[61,true,3,[7,8,9,10,11]],[20,"000",0,62,62,62,false,true,true,4.9,20,[4,1241513984],[0,-5.8,-1.5]],[42,0,43],[62,false,5,[4,4292269782],5,48],[7,"Input",4,[-150]],[63,50,[16,11,13,15],22,1,35,34,23],[7,"Tap",4,[34]],[7,"Feedbacks",4,[-151]],[64,"great","cool",[50,100,200,300,500],53,46,[8,25,24,26],45,37,29,23,36],[7,"Score",4,[-152]],[65,55,34,42],[14,"Tool",4,[[66,-153]]],[15,"beatmap-audio","5d5FbFGqFFsaJMGUkY7KH6",17,[[21,-154]]],[15,"beatmap-audio","63ndJTQi5EIZRQd5ETS9DO",17,[[21,-155]]]],0,[0,0,1,0,0,1,0,0,1,0,-1,9,0,-2,10,0,-3,12,0,-4,14,0,0,2,0,0,2,0,5,37,0,6,47,0,7,42,0,0,2,0,-1,18,0,-2,3,0,-3,19,0,-4,20,0,-5,5,0,0,3,0,0,3,0,-3,46,0,-1,38,0,-2,8,0,-3,24,0,-4,25,0,-5,26,0,8,49,0,9,56,0,10,34,0,11,54,0,12,51,0,13,35,0,0,4,0,-1,44,0,-2,50,0,-3,53,0,-4,52,0,-5,55,0,-6,57,0,0,5,0,0,5,0,-3,49,0,0,5,0,-1,43,0,-2,21,0,0,6,0,0,6,0,-1,27,0,-2,22,0,-4,29,0,0,7,0,14,23,0,0,7,0,0,7,0,-1,36,0,0,8,0,0,8,0,-1,39,0,-2,40,0,-3,41,0,0,9,0,0,9,0,-1,33,0,-2,16,0,0,10,0,0,10,0,-1,30,0,-2,11,0,0,11,0,0,11,0,0,11,0,0,11,0,0,12,0,0,12,0,-1,31,0,-2,13,0,0,13,0,0,13,0,0,13,0,0,13,0,0,14,0,0,14,0,-1,32,0,-2,15,0,0,15,0,0,15,0,0,15,0,0,15,0,0,16,0,0,16,0,0,16,0,0,16,0,-3,58,0,-4,59,0,0,18,0,-2,37,0,0,18,0,0,18,0,0,19,0,-2,42,0,0,19,0,0,19,0,0,20,0,-2,47,0,0,20,0,0,20,0,0,21,0,0,21,0,0,21,0,0,21,0,0,22,0,0,22,0,-1,28,0,0,24,0,0,24,0,0,25,0,0,25,0,0,26,0,0,26,0,0,27,0,0,27,0,0,27,0,0,28,0,0,28,0,0,28,0,0,29,0,0,29,0,0,30,0,0,30,0,0,30,0,0,31,0,0,31,0,0,31,0,0,32,0,0,32,0,0,32,0,0,33,0,0,33,0,0,33,0,0,38,0,0,38,0,0,39,0,-2,45,0,0,40,0,0,40,0,0,41,0,0,41,0,0,43,0,-2,48,0,-1,51,0,-1,54,0,-1,56,0,0,57,0,0,58,0,0,59,0,15,17,1,3,6,2,3,7,4,3,17,6,3,7,7,3,17,23,0,36,34,0,52,35,0,44,155],[0,0,0,0,0,0,0,0,0,0,0,0,0,0,0,0,0,0,0,0,0,0,0,0,35,37,45,45,46,42,47,48],[1,1,1,1,1,1,1,-1,-2,-3,-4,-5,4,1,1,1,1,1,1,1,1,1,1,1,16,4,17,1,18,4,4,1],[14,15,2,2,16,17,18,19,20,21,3,22,1,23,24,25,0,0,0,0,0,0,0,0,26,27,28,29,3,1,1,30]]]]
