{"importBase":"import","nativeBase":"native","name":"main","deps":["resources"],"uuids":["fbSTzogbVJfrdzDdPN/Pag","09+yFJxv5GmbAEBw8GVcJ7","1bH8Sxf9BKGLaGz+9GurOg","1d4eef55d","23fXBTZ2dOSpB5M6RU9ooj","29RDG4VZ5OmpBXTwsMYI0B","35sok3lGpDuJcLS2EMTU0v","3aORy6W7FGv7RbLmqqNriW","44HVYI5IVNxZFQqlJjwdJ8","61QoXCqoJGJJPJyLMhm40Q","64NusPyCJA9KThV89Kjw/o","67jYbH25BIGqyK57rcFvco","7bwTmGM89P1bTWtB3TdEOH","ads6r5A8VIQoCU/tQ/DZah","b0JbrXS7hL6qKUmyYkoZCw","b0iedXR6pBnIJK4IO/Z7j7","baIUdvKGZPgZxNbjWTFuRI","c882YCutdPnZahNgcuT2ET","ccgvQFertMwawRMS3ZHFpq","dbW2AcmSlG25/fXR/9iDlX","f6ZK9gRVpEHJvQy75b8MsZ","fdjsU2o1RKF5x0TziDw3jI","097fee8b3","0ccf1621e","0d4eef55d","0f08f6977","10eHeEeqRA0adEp0tynJPB","1bH8Sxf9BKGLaGz+9GurOg@6c48a","1bH8Sxf9BKGLaGz+9GurOg@f9941","1d4eef55d@6c48a","23fXBTZ2dOSpB5M6RU9ooj@6c48a","23fXBTZ2dOSpB5M6RU9ooj@f9941","29RDG4VZ5OmpBXTwsMYI0B@6c48a","29RDG4VZ5OmpBXTwsMYI0B@f9941","35sok3lGpDuJcLS2EMTU0v@6c48a","35sok3lGpDuJcLS2EMTU0v@f9941","3aORy6W7FGv7RbLmqqNriW@6c48a","3aORy6W7FGv7RbLmqqNriW@f9941","61QoXCqoJGJJPJyLMhm40Q@6c48a","61QoXCqoJGJJPJyLMhm40Q@f9941","64NusPyCJA9KThV89Kjw/o@6c48a","64NusPyCJA9KThV89Kjw/o@f9941","67jYbH25BIGqyK57rcFvco@6c48a","67jYbH25BIGqyK57rcFvco@f9941","882dpIjAdETpqDgnHNmmy+@f9941","9fnJEMGFFP1ZxyVULAKHmM@f9941","b0JbrXS7hL6qKUmyYkoZCw@6c48a","b0JbrXS7hL6qKUmyYkoZCw@f9941","b8rePw/e9PYohBiFnXJh5D","c882YCutdPnZahNgcuT2ET@6c48a","c882YCutdPnZahNgcuT2ET@f9941","ccgvQFertMwawRMS3ZHFpq@6c48a","ccgvQFertMwawRMS3ZHFpq@f9941","d0MsQlMCJBS5IpOcKDAOGg","dbW2AcmSlG25/fXR/9iDlX@6c48a","dbW2AcmSlG25/fXR/9iDlX@f9941","e1e0UmV6JI06zJzwnzCqE4","ebar4k5JZMu4a4LCHYGYLF@f9941","edGO/rCptMqokiOIgTzqR1@f9941","f6ZK9gRVpEHJvQy75b8MsZ@6c48a","f6ZK9gRVpEHJvQy75b8MsZ@f9941"],"paths":{"0":["db:/assets/Scenes/GameMagicTile",0,1],"16":["db:/internal/physics/default-physics-material",2,1],"21":["db:/internal/default_renderpipeline/builtin-forward",1,1]},"scenes":{"db://assets/Scenes/GameMagicTile.scene":0},"packs":{"097fee8b3":[28,33,35,37,39,41,47,52,55,60,0],"0ccf1621e":[27,29,36,34,30,42,40,32,38,46,49,51,54,59],"0d4eef55d":[44,57,58],"0f08f6977":[31,43,50,53]},"versions":{"import":[22,"74ae7",1,"d7eb4",23,"9e780",24,"2c9c2",25,"a8fa3",2,"a2533",3,"dcb0d",4,"a2533",5,"a2533",6,"a2533",7,"a2533",8,"e182a",9,"a2533",10,"a2533",11,"a2533",12,"091b7",13,"24495",14,"a2533",15,"51fe1",16,"8bce7",17,"a2533",18,"a2533",19,"a2533",20,"a2533",21,"731f4"],"native":[2,"f86ac",3,"f0e05",4,"be73e",5,"ffc1d",6,"7a593",7,"2001c",9,"67a0a",10,"4e251",11,"ffc1d",14,"2f83b",17,"a43bb",18,"9abc4",19,"c2f7e",20,"153b6"]},"redirect":[26,"0",45,"0",48,"0",56,"0"],"debug":false,"extensionMap":{".cconb":[1,12,13,15,8]},"hasPreloadScript":true,"dependencyRelationships":{},"types":["cc.SceneAsset","cc.RenderPipeline","cc.PhysicsMaterial"]}