[1,["95Ww3nFeVN0roXG0Jzmre/","caYImP3IpHbrX0EW8/fWXA@f9941"],["node","root","lbMain","sprtMain","data","_font","spriteFrame"],[["cc.Node",["_name","_layer","_children","_components","_prefab","_parent","_lscale"],1,2,9,4,1,5],["cc.Node",["_name","_layer","_parent","_components","_prefab","_lpos","_lscale"],1,1,12,4,5,5],["cc.Prefab",["_name"],2],["cc.UITransform",["node","__prefab","_contentSize"],3,1,4,5],["cc.CompPrefabInfo",["fileId"],2],["4dd0e4qDG1PXZh+cEHXUaeh",["node","__prefab","sprtMain","lbMain"],3,1,4,1,1],["cc.PrefabInfo",["fileId","instance","targetOverrides","nestedPrefabInstanceRoots","root","asset"],-1,1,1],["cc.Widget",["_alignFlags","_verticalCenter","node","__prefab"],1,1,4],["cc.Sprite",["_sizeMode","_isTrimmedMode","node","__prefab"],1,1,4],["cc.Label",["_string","_actualFontSize","_fontSize","_enableWrapText","_isSystemFontUsed","_isBold","_cacheMode","_enableOutline","_outlineWidth","node","__prefab","_outlineColor"],-6,1,4,5],["cc.BitmapFont",["_name","fontSize","fntConfig"],0]],[[4,0,2],[3,0,1,2,1],[6,0,1,2,3,4,5,5],[2,0,2],[0,0,1,2,3,4,3],[0,0,1,5,2,3,4,6,3],[1,0,1,2,3,4,5,3],[1,0,1,2,3,4,5,6,3],[5,0,1,2,3,1],[7,0,1,2,3,3],[8,0,1,2,3,3],[9,0,1,2,3,4,5,6,7,8,9,10,11,10],[10,0,1,2,4]],[[[[3,"moving"],[4,"moving",33554432,[-6,-7],[[1,-2,[0,"89QAhu3NhH9LJUvE3Yjlf5"],[5,0,0]],[8,-5,[0,"da+bgcXiNO+6KMnqIykQhU"],-4,-3]],[2,"a0Jb6JLsdB7Y0tI5S0pJ9b",null,null,null,-1,0]],[6,"Label  - Curr",33554432,1,[[[1,-8,[0,"9aZ4uyBIVOsY87VWJ3zQv7"],[5,69.3,40]],-9,[9,18,-28.841,-10,[0,"af59LMkAdEbpwMeMCPPNZB"]]],4,1,4],[2,"39RE+Hs9tKr73qyLAUj1ui",null,null,null,1,0],[1,0,-28.841,0]],[5,"Node - ScaleFactor",33554432,1,[-12],[[1,-11,[0,"38Kz3VOfVOqIZFRZ3aWrzr"],[5,0,0]]],[2,"b3d3hTGrZGt4kfZhF3y6Lt",null,null,null,1,0],[1,0.6,0.6,0.6]],[7,"Sprite - Main",33554432,3,[[[1,-13,[0,"68WESe5JJDBLVNPZXo/tRW"],[5,197,178]],-14],4,1],[2,"a6uVwpwnBPMay8hOgsIVkV",null,null,null,1,0],[1,0,11.875999999999976,0],[1,1,1,0.7]],[10,2,false,4,[0,"33v1Nbgt1Lu5kidob92mqV"]],[11,"100",41.9,41.9,false,false,true,1,true,4,2,[0,"0bDbVD4bFIaINYqvO3sAlG"],[4,4279376180]]],0,[0,1,1,0,0,1,0,2,6,0,3,5,0,0,1,0,-1,3,0,-2,2,0,0,2,0,-2,6,0,0,2,0,0,3,0,-1,4,0,0,4,0,-2,5,0,4,1,14],[6],[5],[0]],[[[12,"bold_stroke_brown_3",52,{"commonHeight":52,"fontSize":52,"atlasName":"bold_stroke_brown_3.png","fontDefDictionary":{"32":{"xOffset":0,"yOffset":0,"xAdvance":11,"rect":{"x":0,"y":0,"width":0,"height":0}},"33":{"xOffset":-1,"yOffset":20,"xAdvance":15,"rect":{"x":163,"y":55,"width":17,"height":42}},"34":{"xOffset":-3,"yOffset":20,"xAdvance":20,"rect":{"x":278,"y":223,"width":25,"height":21}},"35":{"xOffset":-3,"yOffset":21,"xAdvance":37,"rect":{"x":106,"y":182,"width":42,"height":40}},"36":{"xOffset":-2,"yOffset":16,"xAdvance":29,"rect":{"x":167,"y":0,"width":33,"height":50}},"37":{"xOffset":-2,"yOffset":21,"xAdvance":42,"rect":{"x":59,"y":182,"width":46,"height":40}},"38":{"xOffset":-2,"yOffset":21,"xAdvance":35,"rect":{"x":298,"y":99,"width":39,"height":41}},"39":{"xOffset":-3,"yOffset":20,"xAdvance":11,"rect":{"x":304,"y":223,"width":16,"height":21}},"40":{"xOffset":-2,"yOffset":18,"xAdvance":16,"rect":{"x":123,"y":0,"width":21,"height":50}},"41":{"xOffset":-4,"yOffset":18,"xAdvance":16,"rect":{"x":145,"y":0,"width":21,"height":50}},"42":{"xOffset":-3,"yOffset":19,"xAdvance":18,"rect":{"x":232,"y":223,"width":24,"height":23}},"43":{"xOffset":-3,"yOffset":25,"xAdvance":29,"rect":{"x":19,"y":223,"width":34,"height":34}},"44":{"xOffset":-5,"yOffset":45,"xAdvance":12,"rect":{"x":257,"y":223,"width":20,"height":22}},"45":{"xOffset":-3,"yOffset":37,"xAdvance":19,"rect":{"x":374,"y":223,"width":24,"height":14}},"46":{"xOffset":-3,"yOffset":45,"xAdvance":12,"rect":{"x":321,"y":223,"width":17,"height":17}},"47":{"xOffset":-4,"yOffset":16,"xAdvance":18,"rect":{"x":97,"y":0,"width":25,"height":51}},"48":{"xOffset":-2,"yOffset":21,"xAdvance":32,"rect":{"x":213,"y":55,"width":36,"height":41}},"49":{"xOffset":-4,"yOffset":21,"xAdvance":20,"rect":{"x":338,"y":99,"width":24,"height":40}},"50":{"xOffset":-2,"yOffset":21,"xAdvance":27,"rect":{"x":363,"y":99,"width":31,"height":40}},"51":{"xOffset":-3,"yOffset":21,"xAdvance":27,"rect":{"x":250,"y":55,"width":32,"height":41}},"52":{"xOffset":-3,"yOffset":21,"xAdvance":31,"rect":{"x":395,"y":99,"width":37,"height":40}},"53":{"xOffset":-2,"yOffset":21,"xAdvance":28,"rect":{"x":283,"y":55,"width":32,"height":41}},"54":{"xOffset":-2,"yOffset":21,"xAdvance":29,"rect":{"x":316,"y":55,"width":33,"height":41}},"55":{"xOffset":-3,"yOffset":21,"xAdvance":25,"rect":{"x":433,"y":99,"width":31,"height":40}},"56":{"xOffset":-2,"yOffset":21,"xAdvance":30,"rect":{"x":350,"y":55,"width":34,"height":41}},"57":{"xOffset":-2,"yOffset":21,"xAdvance":29,"rect":{"x":385,"y":55,"width":33,"height":41}},"58":{"xOffset":-3,"yOffset":28,"xAdvance":13,"rect":{"x":0,"y":223,"width":18,"height":34}},"59":{"xOffset":-4,"yOffset":28,"xAdvance":14,"rect":{"x":149,"y":182,"width":19,"height":39}},"61":{"xOffset":-3,"yOffset":29,"xAdvance":27,"rect":{"x":199,"y":223,"width":32,"height":25}},"63":{"xOffset":-3,"yOffset":20,"xAdvance":26,"rect":{"x":181,"y":55,"width":31,"height":42}},"64":{"xOffset":-2,"yOffset":19,"xAdvance":55,"rect":{"x":21,"y":0,"width":58,"height":54}},"65":{"xOffset":-3,"yOffset":21,"xAdvance":33,"rect":{"x":444,"y":55,"width":38,"height":41}},"66":{"xOffset":-1,"yOffset":21,"xAdvance":32,"rect":{"x":0,"y":99,"width":35,"height":41}},"67":{"xOffset":-2,"yOffset":21,"xAdvance":30,"rect":{"x":36,"y":99,"width":34,"height":41}},"68":{"xOffset":-1,"yOffset":21,"xAdvance":35,"rect":{"x":71,"y":99,"width":38,"height":41}},"69":{"xOffset":-1,"yOffset":21,"xAdvance":29,"rect":{"x":465,"y":99,"width":31,"height":40}},"70":{"xOffset":-1,"yOffset":21,"xAdvance":28,"rect":{"x":0,"y":141,"width":31,"height":40}},"71":{"xOffset":-2,"yOffset":21,"xAdvance":35,"rect":{"x":110,"y":99,"width":38,"height":41}},"72":{"xOffset":-1,"yOffset":21,"xAdvance":35,"rect":{"x":32,"y":141,"width":37,"height":40}},"73":{"xOffset":-1,"yOffset":21,"xAdvance":16,"rect":{"x":70,"y":141,"width":17,"height":40}},"74":{"xOffset":-3,"yOffset":21,"xAdvance":22,"rect":{"x":483,"y":55,"width":25,"height":41}},"75":{"xOffset":-1,"yOffset":21,"xAdvance":32,"rect":{"x":149,"y":99,"width":35,"height":41}},"76":{"xOffset":-1,"yOffset":21,"xAdvance":27,"rect":{"x":88,"y":141,"width":30,"height":40}},"77":{"xOffset":-1,"yOffset":21,"xAdvance":42,"rect":{"x":119,"y":141,"width":44,"height":40}},"78":{"xOffset":-1,"yOffset":21,"xAdvance":36,"rect":{"x":164,"y":141,"width":37,"height":40}},"79":{"xOffset":-2,"yOffset":21,"xAdvance":37,"rect":{"x":185,"y":99,"width":41,"height":41}},"80":{"xOffset":-1,"yOffset":21,"xAdvance":31,"rect":{"x":202,"y":141,"width":34,"height":40}},"81":{"xOffset":-2,"yOffset":21,"xAdvance":37,"rect":{"x":293,"y":0,"width":42,"height":48}},"82":{"xOffset":-1,"yOffset":21,"xAdvance":32,"rect":{"x":237,"y":141,"width":35,"height":40}},"83":{"xOffset":-2,"yOffset":21,"xAdvance":29,"rect":{"x":227,"y":99,"width":33,"height":41}},"84":{"xOffset":-3,"yOffset":21,"xAdvance":29,"rect":{"x":273,"y":141,"width":35,"height":40}},"85":{"xOffset":-1,"yOffset":21,"xAdvance":35,"rect":{"x":261,"y":99,"width":36,"height":41}},"86":{"xOffset":-3,"yOffset":21,"xAdvance":33,"rect":{"x":309,"y":141,"width":38,"height":40}},"87":{"xOffset":-3,"yOffset":21,"xAdvance":45,"rect":{"x":348,"y":141,"width":50,"height":40}},"88":{"xOffset":-3,"yOffset":21,"xAdvance":32,"rect":{"x":399,"y":141,"width":37,"height":40}},"89":{"xOffset":-4,"yOffset":21,"xAdvance":30,"rect":{"x":437,"y":141,"width":37,"height":40}},"90":{"xOffset":-2,"yOffset":21,"xAdvance":30,"rect":{"x":475,"y":141,"width":34,"height":40}},"91":{"xOffset":-2,"yOffset":19,"xAdvance":16,"rect":{"x":249,"y":0,"width":21,"height":49}},"93":{"xOffset":-4,"yOffset":19,"xAdvance":16,"rect":{"x":271,"y":0,"width":21,"height":49}},"94":{"xOffset":-2,"yOffset":19,"xAdvance":26,"rect":{"x":169,"y":223,"width":29,"height":26}},"95":{"xOffset":-4,"yOffset":56,"xAdvance":26,"rect":{"x":339,"y":223,"width":34,"height":14}},"97":{"xOffset":-3,"yOffset":27,"xAdvance":28,"rect":{"x":169,"y":182,"width":32,"height":35}},"98":{"xOffset":-1,"yOffset":19,"xAdvance":31,"rect":{"x":456,"y":0,"width":34,"height":43}},"99":{"xOffset":-2,"yOffset":27,"xAdvance":26,"rect":{"x":202,"y":182,"width":30,"height":35}},"100":{"xOffset":-2,"yOffset":19,"xAdvance":31,"rect":{"x":0,"y":55,"width":33,"height":43}},"101":{"xOffset":-2,"yOffset":27,"xAdvance":29,"rect":{"x":233,"y":182,"width":33,"height":35}},"102":{"xOffset":-1,"yOffset":18,"xAdvance":22,"rect":{"x":34,"y":55,"width":27,"height":43}},"103":{"xOffset":-2,"yOffset":27,"xAdvance":30,"rect":{"x":336,"y":0,"width":32,"height":44}},"104":{"xOffset":-1,"yOffset":19,"xAdvance":31,"rect":{"x":97,"y":55,"width":32,"height":42}},"105":{"xOffset":-1,"yOffset":17,"xAdvance":15,"rect":{"x":369,"y":0,"width":17,"height":44}},"106":{"xOffset":-4,"yOffset":17,"xAdvance":15,"rect":{"x":0,"y":0,"width":20,"height":54}},"107":{"xOffset":-1,"yOffset":19,"xAdvance":29,"rect":{"x":130,"y":55,"width":32,"height":42}},"108":{"xOffset":-1,"yOffset":19,"xAdvance":15,"rect":{"x":491,"y":0,"width":17,"height":42}},"109":{"xOffset":-1,"yOffset":27,"xAdvance":44,"rect":{"x":335,"y":182,"width":46,"height":34}},"110":{"xOffset":-1,"yOffset":27,"xAdvance":30,"rect":{"x":382,"y":182,"width":32,"height":34}},"111":{"xOffset":-3,"yOffset":27,"xAdvance":31,"rect":{"x":267,"y":182,"width":36,"height":35}},"112":{"xOffset":-1,"yOffset":27,"xAdvance":30,"rect":{"x":387,"y":0,"width":33,"height":44}},"113":{"xOffset":-3,"yOffset":27,"xAdvance":31,"rect":{"x":421,"y":0,"width":34,"height":44}},"114":{"xOffset":-1,"yOffset":27,"xAdvance":22,"rect":{"x":415,"y":182,"width":26,"height":34}},"115":{"xOffset":-2,"yOffset":27,"xAdvance":26,"rect":{"x":304,"y":182,"width":30,"height":35}},"116":{"xOffset":-1,"yOffset":21,"xAdvance":21,"rect":{"x":419,"y":55,"width":24,"height":41}},"117":{"xOffset":-1,"yOffset":28,"xAdvance":30,"rect":{"x":442,"y":182,"width":32,"height":34}},"118":{"xOffset":-4,"yOffset":28,"xAdvance":28,"rect":{"x":54,"y":223,"width":35,"height":33}},"119":{"xOffset":-3,"yOffset":28,"xAdvance":41,"rect":{"x":90,"y":223,"width":46,"height":33}},"120":{"xOffset":-3,"yOffset":28,"xAdvance":27,"rect":{"x":475,"y":182,"width":32,"height":34}},"121":{"xOffset":-3,"yOffset":28,"xAdvance":28,"rect":{"x":62,"y":55,"width":34,"height":43}},"122":{"xOffset":-3,"yOffset":28,"xAdvance":25,"rect":{"x":137,"y":223,"width":31,"height":33}},"123":{"xOffset":-3,"yOffset":19,"xAdvance":17,"rect":{"x":201,"y":0,"width":23,"height":49}},"124":{"xOffset":-1,"yOffset":17,"xAdvance":15,"rect":{"x":80,"y":0,"width":16,"height":53}},"125":{"xOffset":-3,"yOffset":19,"xAdvance":17,"rect":{"x":225,"y":0,"width":23,"height":49}},"8470":{"xOffset":-1,"yOffset":21,"xAdvance":55,"rect":{"x":0,"y":182,"width":58,"height":40}}},"kerningDict":{}}]],0,0,[0],[6],[1]]]]
