[1,["dcBFoC4UhAOLDJ/rdtCKzh@f9941"],["spriteFrame"],[["cc.BitmapFont",["_name","fontSize","fntConfig"],0]],[[0,0,1,2,4]],[[0,"bold",52,{"commonHeight":52,"fontSize":52,"atlasName":"bold.png","fontDefDictionary":{"32":{"xOffset":0,"yOffset":0,"xAdvance":11,"rect":{"x":0,"y":0,"width":0,"height":0}},"33":{"xOffset":2,"yOffset":23,"xAdvance":15,"rect":{"x":192,"y":49,"width":11,"height":36}},"34":{"xOffset":0,"yOffset":23,"xAdvance":20,"rect":{"x":238,"y":230,"width":19,"height":15}},"35":{"xOffset":0,"yOffset":24,"xAdvance":37,"rect":{"x":41,"y":195,"width":36,"height":34}},"36":{"xOffset":1,"yOffset":19,"xAdvance":29,"rect":{"x":132,"y":0,"width":27,"height":44}},"37":{"xOffset":1,"yOffset":24,"xAdvance":42,"rect":{"x":0,"y":195,"width":40,"height":34}},"38":{"xOffset":1,"yOffset":24,"xAdvance":35,"rect":{"x":31,"y":124,"width":33,"height":35}},"39":{"xOffset":0,"yOffset":23,"xAdvance":11,"rect":{"x":258,"y":230,"width":10,"height":15}},"40":{"xOffset":1,"yOffset":21,"xAdvance":16,"rect":{"x":100,"y":0,"width":15,"height":44}},"41":{"xOffset":-1,"yOffset":21,"xAdvance":16,"rect":{"x":116,"y":0,"width":15,"height":44}},"42":{"xOffset":0,"yOffset":22,"xAdvance":18,"rect":{"x":204,"y":230,"width":18,"height":17}},"43":{"xOffset":0,"yOffset":28,"xAdvance":29,"rect":{"x":28,"y":230,"width":28,"height":28}},"44":{"xOffset":-2,"yOffset":48,"xAdvance":12,"rect":{"x":223,"y":230,"width":14,"height":16}},"45":{"xOffset":0,"yOffset":40,"xAdvance":19,"rect":{"x":41,"y":259,"width":18,"height":8}},"46":{"xOffset":0,"yOffset":48,"xAdvance":12,"rect":{"x":0,"y":259,"width":11,"height":11}},"47":{"xOffset":-1,"yOffset":19,"xAdvance":18,"rect":{"x":80,"y":0,"width":19,"height":45}},"48":{"xOffset":1,"yOffset":24,"xAdvance":32,"rect":{"x":230,"y":49,"width":30,"height":35}},"49":{"xOffset":-1,"yOffset":24,"xAdvance":20,"rect":{"x":65,"y":124,"width":18,"height":34}},"50":{"xOffset":0,"yOffset":24,"xAdvance":27,"rect":{"x":84,"y":124,"width":26,"height":34}},"51":{"xOffset":0,"yOffset":24,"xAdvance":27,"rect":{"x":261,"y":49,"width":26,"height":35}},"52":{"xOffset":0,"yOffset":24,"xAdvance":31,"rect":{"x":111,"y":124,"width":31,"height":34}},"53":{"xOffset":1,"yOffset":24,"xAdvance":28,"rect":{"x":288,"y":49,"width":26,"height":35}},"54":{"xOffset":1,"yOffset":24,"xAdvance":29,"rect":{"x":0,"y":88,"width":27,"height":35}},"55":{"xOffset":0,"yOffset":24,"xAdvance":25,"rect":{"x":143,"y":124,"width":26,"height":34}},"56":{"xOffset":1,"yOffset":24,"xAdvance":30,"rect":{"x":28,"y":88,"width":28,"height":35}},"57":{"xOffset":1,"yOffset":24,"xAdvance":29,"rect":{"x":57,"y":88,"width":27,"height":35}},"58":{"xOffset":0,"yOffset":31,"xAdvance":13,"rect":{"x":332,"y":195,"width":12,"height":28}},"59":{"xOffset":-1,"yOffset":31,"xAdvance":14,"rect":{"x":333,"y":124,"width":13,"height":33}},"61":{"xOffset":0,"yOffset":32,"xAdvance":27,"rect":{"x":177,"y":230,"width":26,"height":19}},"63":{"xOffset":0,"yOffset":23,"xAdvance":26,"rect":{"x":204,"y":49,"width":25,"height":36}},"64":{"xOffset":1,"yOffset":22,"xAdvance":55,"rect":{"x":15,"y":0,"width":53,"height":48}},"65":{"xOffset":0,"yOffset":24,"xAdvance":33,"rect":{"x":104,"y":88,"width":32,"height":35}},"66":{"xOffset":2,"yOffset":24,"xAdvance":32,"rect":{"x":137,"y":88,"width":29,"height":35}},"67":{"xOffset":1,"yOffset":24,"xAdvance":30,"rect":{"x":167,"y":88,"width":29,"height":35}},"68":{"xOffset":2,"yOffset":24,"xAdvance":35,"rect":{"x":197,"y":88,"width":32,"height":35}},"69":{"xOffset":2,"yOffset":24,"xAdvance":29,"rect":{"x":170,"y":124,"width":26,"height":34}},"70":{"xOffset":2,"yOffset":24,"xAdvance":28,"rect":{"x":197,"y":124,"width":25,"height":34}},"71":{"xOffset":1,"yOffset":24,"xAdvance":35,"rect":{"x":230,"y":88,"width":32,"height":35}},"72":{"xOffset":2,"yOffset":24,"xAdvance":35,"rect":{"x":223,"y":124,"width":31,"height":34}},"73":{"xOffset":2,"yOffset":24,"xAdvance":16,"rect":{"x":255,"y":124,"width":11,"height":34}},"74":{"xOffset":0,"yOffset":24,"xAdvance":22,"rect":{"x":263,"y":88,"width":19,"height":35}},"75":{"xOffset":2,"yOffset":24,"xAdvance":32,"rect":{"x":283,"y":88,"width":29,"height":35}},"76":{"xOffset":2,"yOffset":24,"xAdvance":27,"rect":{"x":267,"y":124,"width":25,"height":34}},"77":{"xOffset":1,"yOffset":24,"xAdvance":42,"rect":{"x":293,"y":124,"width":39,"height":34}},"78":{"xOffset":2,"yOffset":24,"xAdvance":36,"rect":{"x":0,"y":160,"width":31,"height":34}},"79":{"xOffset":1,"yOffset":24,"xAdvance":37,"rect":{"x":315,"y":49,"width":35,"height":35}},"80":{"xOffset":2,"yOffset":24,"xAdvance":31,"rect":{"x":32,"y":160,"width":28,"height":34}},"81":{"xOffset":1,"yOffset":24,"xAdvance":37,"rect":{"x":228,"y":0,"width":36,"height":42}},"82":{"xOffset":2,"yOffset":24,"xAdvance":32,"rect":{"x":61,"y":160,"width":29,"height":34}},"83":{"xOffset":1,"yOffset":24,"xAdvance":29,"rect":{"x":313,"y":88,"width":27,"height":35}},"84":{"xOffset":0,"yOffset":24,"xAdvance":29,"rect":{"x":91,"y":160,"width":29,"height":34}},"85":{"xOffset":2,"yOffset":24,"xAdvance":35,"rect":{"x":0,"y":124,"width":30,"height":35}},"86":{"xOffset":0,"yOffset":24,"xAdvance":33,"rect":{"x":121,"y":160,"width":32,"height":34}},"87":{"xOffset":0,"yOffset":24,"xAdvance":45,"rect":{"x":154,"y":160,"width":44,"height":34}},"88":{"xOffset":0,"yOffset":24,"xAdvance":32,"rect":{"x":199,"y":160,"width":31,"height":34}},"89":{"xOffset":-1,"yOffset":24,"xAdvance":30,"rect":{"x":231,"y":160,"width":31,"height":34}},"90":{"xOffset":1,"yOffset":24,"xAdvance":30,"rect":{"x":263,"y":160,"width":28,"height":34}},"91":{"xOffset":1,"yOffset":22,"xAdvance":16,"rect":{"x":196,"y":0,"width":15,"height":43}},"93":{"xOffset":-1,"yOffset":22,"xAdvance":16,"rect":{"x":212,"y":0,"width":15,"height":43}},"94":{"xOffset":1,"yOffset":22,"xAdvance":26,"rect":{"x":153,"y":230,"width":23,"height":20}},"95":{"xOffset":-1,"yOffset":59,"xAdvance":26,"rect":{"x":12,"y":259,"width":28,"height":8}},"97":{"xOffset":0,"yOffset":30,"xAdvance":28,"rect":{"x":78,"y":195,"width":26,"height":29}},"98":{"xOffset":2,"yOffset":22,"xAdvance":31,"rect":{"x":29,"y":49,"width":28,"height":37}},"99":{"xOffset":0,"yOffset":30,"xAdvance":26,"rect":{"x":105,"y":195,"width":25,"height":29}},"100":{"xOffset":0,"yOffset":22,"xAdvance":31,"rect":{"x":58,"y":49,"width":28,"height":37}},"101":{"xOffset":0,"yOffset":30,"xAdvance":29,"rect":{"x":131,"y":195,"width":28,"height":29}},"102":{"xOffset":2,"yOffset":21,"xAdvance":22,"rect":{"x":87,"y":49,"width":21,"height":37}},"103":{"xOffset":0,"yOffset":30,"xAdvance":30,"rect":{"x":265,"y":0,"width":27,"height":38}},"104":{"xOffset":2,"yOffset":22,"xAdvance":31,"rect":{"x":138,"y":49,"width":26,"height":36}},"105":{"xOffset":2,"yOffset":20,"xAdvance":15,"rect":{"x":293,"y":0,"width":11,"height":38}},"106":{"xOffset":-1,"yOffset":20,"xAdvance":15,"rect":{"x":0,"y":0,"width":14,"height":48}},"107":{"xOffset":2,"yOffset":22,"xAdvance":29,"rect":{"x":165,"y":49,"width":26,"height":36}},"108":{"xOffset":2,"yOffset":22,"xAdvance":15,"rect":{"x":333,"y":0,"width":11,"height":36}},"109":{"xOffset":2,"yOffset":30,"xAdvance":44,"rect":{"x":216,"y":195,"width":40,"height":28}},"110":{"xOffset":2,"yOffset":30,"xAdvance":30,"rect":{"x":257,"y":195,"width":26,"height":28}},"111":{"xOffset":0,"yOffset":30,"xAdvance":31,"rect":{"x":160,"y":195,"width":30,"height":29}},"112":{"xOffset":2,"yOffset":30,"xAdvance":30,"rect":{"x":305,"y":0,"width":27,"height":38}},"113":{"xOffset":0,"yOffset":30,"xAdvance":31,"rect":{"x":0,"y":49,"width":28,"height":38}},"114":{"xOffset":2,"yOffset":30,"xAdvance":22,"rect":{"x":284,"y":195,"width":20,"height":28}},"115":{"xOffset":1,"yOffset":30,"xAdvance":26,"rect":{"x":191,"y":195,"width":24,"height":29}},"116":{"xOffset":2,"yOffset":24,"xAdvance":21,"rect":{"x":85,"y":88,"width":18,"height":35}},"117":{"xOffset":2,"yOffset":31,"xAdvance":30,"rect":{"x":305,"y":195,"width":26,"height":28}},"118":{"xOffset":0,"yOffset":31,"xAdvance":28,"rect":{"x":57,"y":230,"width":28,"height":27}},"119":{"xOffset":0,"yOffset":31,"xAdvance":41,"rect":{"x":86,"y":230,"width":40,"height":27}},"120":{"xOffset":0,"yOffset":31,"xAdvance":27,"rect":{"x":0,"y":230,"width":27,"height":28}},"121":{"xOffset":0,"yOffset":31,"xAdvance":28,"rect":{"x":109,"y":49,"width":28,"height":37}},"122":{"xOffset":0,"yOffset":31,"xAdvance":25,"rect":{"x":127,"y":230,"width":25,"height":27}},"123":{"xOffset":0,"yOffset":22,"xAdvance":17,"rect":{"x":160,"y":0,"width":17,"height":43}},"124":{"xOffset":2,"yOffset":20,"xAdvance":15,"rect":{"x":69,"y":0,"width":10,"height":47}},"125":{"xOffset":0,"yOffset":22,"xAdvance":17,"rect":{"x":178,"y":0,"width":17,"height":43}},"8470":{"xOffset":2,"yOffset":24,"xAdvance":55,"rect":{"x":292,"y":160,"width":52,"height":34}}},"kerningDict":{}}]],0,0,[0],[0],[0]]
