[1,["1d4eef55d@6c48a"],["_textureSource"],["cc.SpriteFrame"],0,[[[{"name":"gradient","rect":{"x":3,"y":330,"width":128,"height":122},"offset":{"x":0,"y":3},"originalSize":{"width":128,"height":128},"rotated":false,"capInsets":[0,0,0,0],"packable":true,"pixelsToUnit":100,"pivot":{"x":0.5,"y":0.5},"meshType":0}],[0],0,[0],[0],[0]],[[{"name":"square","rect":{"x":3,"y":196,"width":128,"height":128},"offset":{"x":0,"y":0},"originalSize":{"width":128,"height":128},"rotated":false,"capInsets":[0,0,0,0],"packable":true,"pixelsToUnit":100,"pivot":{"x":0.5,"y":0.5},"meshType":0}],[0],0,[0],[0],[0]],[[{"name":"circle_light","rect":{"x":3,"y":3,"width":187,"height":187},"offset":{"x":-0.5,"y":-3.5},"originalSize":{"width":256,"height":256},"rotated":false,"capInsets":[0,0,0,0],"packable":true,"pixelsToUnit":100,"pivot":{"x":0.5,"y":0.5},"meshType":0}],[0],0,[0],[0],[0]]]]
