[1,["e1e0UmV6JI06zJzwnzCqE4","24xBnqY6hOoanQf8RpSJu8@f9941","24xBnqY6hOoanQf8RpSJu8@6c48a","9fnJEMGFFP1ZxyVULAKHmM@6c48a","9fnJEMGFFP1ZxyVULAKHmM@f9941"],["node","_file","_spriteFrame","_textureSource","root","data","spriteFrame"],[["cc.ParticleSystem2D",["_name","_dstBlendFactor","duration","emissionRate","angle","angleVar","startSize","speed","speedVar","tangentialAccel","startRadius","_custom","_totalParticles","life","lifeVar","startSizeVar","endSize","radialAccel","radialAccelVar","node","__prefab","gravity","_startColor","_endColor","posVar","_file","_spriteFrame"],-16,1,4,5,5,5,5,6,6],"cc.SpriteFrame",["cc.Node",["_name","_layer","_components","_prefab","_children","_lpos","_lrot","_euler","_parent"],1,12,4,2,5,5,5,1],["cc.Prefab",["_name"],2],["cc.Node",["_name","_active","_layer","_parent","_components","_prefab"],0,1,9,4],["cc.UITransform",["node","__prefab"],3,1,4],["cc.CompPrefabInfo",["fileId"],2],["b11edLPNrlIvrzI4yYh6uVF",["delayKillTime","node","__prefab","particleSystem2ds"],2,1,4,2],["cc.PrefabInfo",["fileId","instance","targetOverrides","nestedPrefabInstanceRoots","root","asset"],-1,1,1],["cc.ParticleAsset",["_name","_native"],1]],[[6,0,2],[5,0,1,1],[8,0,1,2,3,4,5,5],[3,0,2],[2,0,1,4,2,3,5,6,7,3],[2,0,1,8,2,3,3],[4,0,1,2,3,4,5,4],[7,0,1,2,3,2],[0,0,1,2,3,4,5,6,16,7,8,9,10,11,12,19,20,21,22,23,25,26,15],[0,0,1,2,3,13,14,4,5,6,15,7,8,9,17,18,10,11,12,19,20,24,21,22,23,19],[0,0,1,2,3,13,14,4,5,6,15,7,8,9,10,11,12,19,20,24,21,22,23,17],[9,0,1,3]],[[[{"name":"atom","rect":{"x":0,"y":0,"width":31,"height":31},"offset":{"x":0,"y":0},"originalSize":{"width":31,"height":31},"rotated":false,"capInsets":[0,0,0,0],"vertices":{"rawPosition":[-15.5,-15.5,0,15.5,-15.5,0,-15.5,15.5,0,15.5,15.5,0],"indexes":[0,1,2,2,1,3],"uv":[0,31,31,31,0,0,31,0],"nuv":[0,0,1,0,0,1,1,1],"minPos":{"x":-15.5,"y":-15.5,"z":0},"maxPos":{"x":15.5,"y":15.5,"z":0}},"packable":true,"pixelsToUnit":100,"pivot":{"x":0.5,"y":0.5},"meshType":0}],[1],0,[0],[3],[2]],[[{"name":"square_glowing","rect":{"x":3,"y":6,"width":249,"height":20},"offset":{"x":-0.5,"y":0},"originalSize":{"width":256,"height":32},"rotated":false,"capInsets":[0,0,0,0],"vertices":{"rawPosition":[-124.5,-10,0,124.5,-10,0,-124.5,10,0,124.5,10,0],"indexes":[0,1,2,2,1,3],"uv":[3,26,252,26,3,6,252,6],"nuv":[0.01171875,0.1875,0.984375,0.1875,0.01171875,0.8125,0.984375,0.8125],"minPos":{"x":-124.5,"y":-10,"z":0},"maxPos":{"x":124.5,"y":10,"z":0}},"packable":true,"pixelsToUnit":100,"pivot":{"x":0.5,"y":0.5},"meshType":0}],[1],0,[0],[3],[3]],[[[3,"contructor_upgrade"],[4,"contructor_upgrade",33554432,[-7,-8],[[[1,-2,[0,"76KC2s4a5Hjp8V5kxNxIfH"]],-3,[7,2,-6,[0,"b9mtvhiBxLB5AJWHrqJjgU"],[-4,-5]]],4,1,4],[2,"f9dzn6apNDZJW4YmPTtSZR",null,null,null,-1,0],[1,7.342,41.336,0],[3,0,0,0.7071067811865475,0.7071067811865476],[1,0,0,90]],[6,"horizontal-stroke",false,33554432,1,[[1,-9,[0,"55a0+23bFBzaAUq01mwnzl"]],[8,"Node<ParticleSystem2D>",1,0.2,999,0,0,337.4,337.4,0,0,0,100,true,1,-10,[0,"75nqQaX/hFEIwtJ8EwMe7f"],[0,0,12.6],[4,4279350271],[4,6710886],0,1]],[2,"aauS1aNfhPT42SVX/IXGKF",null,null,null,1,0]],[5,"horizontal-line",33554432,1,[[[1,-11,[0,"6c99N8c/BBR6re+FWk+gT0"]],-12],4,1],[2,"fcb8BFpmBJ54OtalzV0B4E",null,null,null,1,0]],[9,"Node<ParticleSystem2D>",1,0.2,999,0.05,0.5,0,0,21.3,50,0,0,0,180,184.5,100,true,100,3,[0,"a089JdNdtC2IiYIflgO1aS"],[0,152.2,0],[0,0,0.86],[4,4283877578],[4,3591610797]],[10,"Node<ParticleSystem2D>",1,0.2,999,0.05,0.5,0,0,15,50,0,-200,0,100,true,100,1,[0,"84v2eVJD9ETa2SSCT+/ZBn"],[0,152.2,7],[0,80,0.8600000143051147],[4,4283877578],[4,3591610797]]],0,[0,4,1,0,0,1,0,-2,5,0,-1,5,0,-2,4,0,0,1,0,-1,2,0,-2,3,0,0,2,0,0,2,0,0,3,0,-2,4,0,5,1,12],[0,0,4,4,5,5],[1,2,1,2,1,2],[0,4,0,1,0,1]],[[[11,"atom_new",".plist"],-1],0,0,[0],[6],[1]]]]
