[1,["1db39dfff@6c48a"],["_textureSource"],["cc.SpriteFrame"],0,[[[{"name":"bold_stroke_brown_3","rect":{"x":3,"y":357,"width":507,"height":255},"offset":{"x":-1.5,"y":6.5},"originalSize":{"width":512,"height":270},"rotated":true,"capInsets":[0,0,0,0],"packable":true,"pixelsToUnit":100,"pivot":{"x":0.5,"y":0.5},"meshType":0}],[0],0,[0],[0],[0]],[[{"name":"bold","rect":{"x":3,"y":3,"width":348,"height":268},"offset":{"x":0,"y":0},"originalSize":{"width":350,"height":270},"rotated":true,"capInsets":[0,0,0,0],"packable":true,"pixelsToUnit":100,"pivot":{"x":0.5,"y":0.5},"meshType":0}],[0],0,[0],[0],[0]]]]
